<?xml version="1.0" encoding="UTF-8"?>
<project-private xmlns="http://www.netbeans.org/ns/project-private/1">
    <editor-bookmarks xmlns="http://www.netbeans.org/ns/editor-bookmarks/2" lastBookmarkId="1">
        <file>
            <url>src/clase22/Clase22.java</url>
            <bookmark id="1">
                <name/>
                <line>42</line>
                <key/>
            </bookmark>
        </file>
    </editor-bookmarks>
    <open-files xmlns="http://www.netbeans.org/ns/projectui-open-files/2">
        <group>
            <file>file:/C:/Users/smata/Tecnicas/2024/Cuatri%202/TT/Clases/Clase22/src/clase22/Clase22.java</file>
            <file>file:/C:/Users/smata/Tecnicas/2024/Cuatri%202/TT/Clases/Clase22/src/clase22/Ejercicio2.java</file>
        </group>
    </open-files>
</project-private>
